timestamp,cpu_usr,cpu_sys,cpu_iow,cpu_idle,mem_used_mb,mem_free_mb,net_rx_kbps,net_tx_kbps,ast_channels,ast_endpoints_online
1780440377,0.3,1.0,0.3,97.9,282,1691,23,23,0,1
1780440378,0.3,0.0,0.0,99.5,282,1691,0,0,0,1
1780440379,0.8,1.6,0.0,97.4,282,1691,1,19,1,2
1780440381,2.6,7.1,0.0,88.9,286,1688,0,3,0,2
1780440382,2.5,7.6,0.0,88.8,292,1681,0,2,0,2
1780440383,2.2,7.8,0.3,87.7,297,1676,0,3,0,2
1780440384,2.2,7.6,0.0,88.5,306,1666,0,1,0,2
1780440385,2.2,7.8,0.0,88.3,316,1658,0,1,1,2
1780440386,2.8,6.7,0.0,88.5,325,1648,0,2,0,2
1780440387,2.2,7.3,0.0,89.0,335,1638,0,1,0,2
1780440388,2.8,6.9,0.0,88.4,345,1628,0,1,0,1
1780440389,2.5,7.2,0.0,88.3,354,1619,0,2,1,1
1780440390,2.5,7.8,0.0,88.3,363,1610,0,2,0,2
1780440391,2.2,7.8,0.0,87.7,372,1602,0,1,0,2
1780440392,1.7,7.5,0.0,88.6,381,1592,0,2,0,2
1780440393,2.8,7.5,0.3,87.5,390,1583,0,1,1,1
1780440394,3.7,9.0,0.0,85.1,411,1562,0,2,0,1
1780440395,1.9,7.4,0.0,89.4,418,1555,1,3,1,1
1780440396,3.0,7.3,0.0,87.6,425,1548,0,1,0,1
1780440397,2.5,5.3,0.0,89.8,434,1539,0,2,1,2
1780440398,2.2,6.9,0.0,88.2,441,1532,0,2,0,2
1780440399,2.7,7.9,0.0,87.5,449,1524,0,4,1,2
1780440401,1.7,7.2,0.0,89.0,458,1515,0,1,0,1
1780440402,2.2,5.8,0.0,89.5,468,1505,0,1,1,1
1780440403,1.9,7.7,0.0,88.1,476,1497,0,3,0,1
1780440404,2.2,6.4,0.0,88.9,486,1488,0,2,1,2
1780440405,3.1,6.7,0.0,88.1,503,1470,0,2,1,2
1780440406,1.4,6.9,0.0,89.5,510,1463,0,2,0,1
1780440407,2.8,6.4,0.0,89.5,517,1456,0,1,0,2
1780440408,2.2,6.4,0.3,89.5,524,1449,0,1,0,2
1780440409,2.2,6.1,0.0,89.2,533,1440,0,2,0,1
1780440410,2.2,7.2,0.0,89.4,542,1431,0,3,0,2
1780440411,2.0,6.7,0.0,89.4,551,1422,0,2,0,2
1780440412,1.6,7.1,0.0,88.2,556,1417,0,1,0,1
1780440413,3.0,6.3,0.0,88.2,558,1415,0,2,0,2
1780440414,2.7,6.8,0.0,87.5,566,1407,0,2,0,2
1780440415,2.7,7.0,0.0,87.8,567,1407,0,2,1,2
1780440416,2.2,7.0,0.0,88.9,567,1407,0,2,0,1
1780440417,2.9,7.2,0.0,87.2,568,1405,0,2,1,2
1780440418,2.2,8.4,0.3,87.5,568,1405,0,3,1,1
1780440419,2.2,6.1,0.0,89.2,562,1411,0,2,1,1
1780440421,1.9,6.9,0.0,89.2,562,1412,0,2,1,1
1780440422,2.0,6.4,0.0,90.2,563,1410,0,4,0,2
1780440423,1.4,6.7,0.0,89.6,557,1417,0,1,0,2
1780440424,3.9,5.8,0.0,88.9,558,1415,0,2,0,2
1780440425,1.9,7.2,0.0,88.9,571,1403,1,1,0,2
1780440426,3.0,5.8,0.0,89.2,570,1403,0,1,0,1
1780440427,2.2,6.4,0.0,90.0,563,1410,0,2,1,1
1780440428,1.7,6.5,0.0,90.7,564,1409,0,2,1,2
1780440429,1.4,6.2,0.0,90.7,565,1409,0,1,1,1
1780440430,2.2,6.9,0.0,88.9,565,1408,0,2,0,1
1780440431,2.5,7.1,0.0,87.4,566,1407,0,1,1,1
1780440432,2.5,7.5,0.0,88.6,566,1407,0,1,1,1
1780440433,2.5,6.6,0.3,89.6,565,1409,0,1,0,1
1780440434,2.2,6.8,0.0,89.4,563,1410,0,2,1,1
1780440435,2.2,10.0,0.0,86.3,555,1419,0,2,0,2
1780440436,2.2,6.6,0.0,89.2,556,1417,0,1,0,2
1780440437,3.0,7.4,0.0,87.5,554,1420,0,2,0,2
1780440438,1.9,6.7,0.0,89.7,554,1419,0,1,0,2
1780440439,3.0,6.1,0.0,88.6,555,1417,0,2,0,2
1780440441,2.4,6.2,0.0,89.8,556,1417,0,2,1,1
1780440442,2.2,7.9,0.0,87.5,558,1415,0,2,0,2
1780440443,3.0,6.9,0.0,88.4,559,1414,0,2,1,1
1780440444,2.5,6.6,0.0,89.0,560,1413,0,5,0,1
1780440445,1.7,6.4,0.0,89.0,557,1416,0,1,0,2
1780440446,2.5,9.7,0.0,86.2,569,1404,0,1,0,1
1780440447,2.5,6.7,0.0,89.4,571,1402,0,2,0,2
1780440448,2.2,7.0,0.3,88.9,569,1404,0,3,0,2
1780440449,2.4,8.6,0.0,86.8,569,1404,0,3,1,2
1780440450,1.4,7.2,0.0,88.7,569,1404,0,1,1,1
1780440451,1.9,7.9,0.0,88.0,570,1403,0,3,1,1
1780440452,2.4,6.5,0.0,88.3,571,1402,0,2,0,2
1780440453,2.4,7.8,0.0,87.4,571,1402,1,4,0,2
1780440454,2.7,6.6,0.0,88.7,570,1403,0,2,0,2
1780440455,2.2,6.9,0.0,89.0,582,1391,1,2,2,2
1780440456,1.1,6.8,0.0,90.1,568,1405,1,5,0,2
1780440457,2.7,6.8,0.0,88.2,569,1405,0,2,0,2
1780440458,2.2,7.2,0.3,87.8,570,1403,0,2,0,1
1780440459,2.8,6.1,0.0,89.1,571,1403,0,2,0,2
1780440460,2.5,7.7,0.0,88.2,570,1404,0,3,0,2
1780440462,3.3,5.0,0.0,89.4,571,1403,0,1,0,1
1780440463,1.9,6.9,0.0,89.2,567,1406,0,1,1,2
1780440464,3.6,6.6,0.0,88.1,569,1404,0,2,1,2
1780440465,1.9,6.4,0.0,88.7,567,1406,0,1,1,1
1780440466,3.6,9.6,0.0,84.9,559,1414,0,1,1,2
1780440467,1.6,7.7,0.0,88.2,561,1412,0,4,1,1
1780440468,2.8,7.7,0.3,88.2,563,1410,0,2,1,2
1780440469,2.4,7.5,0.0,87.4,563,1410,0,1,1,1
1780440470,1.1,3.7,0.0,94.7,564,1409,1,35,0,1
1780440471,0.0,0.0,0.0,100.0,564,1409,0,0,0,1
1780440472,0.3,0.3,0.0,99.2,563,1410,0,0,0,1
1780440473,0.0,0.3,0.0,99.5,564,1409,0,0,0,1
1780440474,0.0,0.0,0.0,100.0,564,1409,0,0,0,1
1780440475,0.0,0.3,0.0,99.5,564,1409,0,0,0,1
1780440476,0.0,2.8,0.0,97.2,573,1400,0,0,0,1
1780440477,0.3,0.3,0.0,99.5,574,1399,0,0,0,1
1780440478,0.0,0.0,0.0,100.0,575,1398,0,0,0,1
1780440479,0.3,0.0,0.0,99.7,575,1398,0,0,0,1
1780440480,0.3,0.3,0.0,99.2,575,1398,0,0,0,1
1780440481,0.0,0.0,0.0,100.0,575,1398,0,0,0,1
1780440483,0.3,0.5,0.0,99.2,575,1398,0,0,0,1
1780440484,0.0,0.5,0.0,99.5,575,1398,0,0,0,1
1780440485,0.5,2.4,0.3,96.1,575,1398,2,16,1,2
1780440486,2.5,7.9,0.0,87.3,576,1397,0,4,1,2
1780440487,3.4,8.8,0.0,86.3,571,1402,0,2,1,2
1780440488,2.5,8.7,0.0,87.0,571,1402,0,3,1,2
1780440489,2.8,9.2,0.0,86.3,573,1400,0,1,0,2
1780440490,3.0,9.7,0.0,85.1,573,1400,0,2,1,1
1780440491,4.1,8.0,0.0,86.0,570,1403,0,2,1,2
1780440492,3.1,8.6,0.0,86.6,571,1402,0,2,1,2
1780440493,3.6,8.3,0.0,86.1,571,1402,0,2,0,2
1780440494,2.8,6.8,0.0,88.4,563,1410,0,1,1,1
1780440495,2.8,9.4,0.0,85.9,564,1409,0,1,1,2
1780440496,3.6,9.9,0.0,84.6,576,1397,0,2,1,1
1780440497,2.8,8.3,0.0,86.7,575,1398,0,1,1,2
1780440498,3.4,7.6,0.0,86.8,577,1396,0,2,1,2
1780440499,3.6,7.9,0.0,85.2,577,1396,0,2,1,2
1780440500,3.8,9.3,0.3,84.9,577,1396,0,1,0,2
1780440501,3.3,8.3,0.0,85.9,577,1396,0,2,1,1
1780440502,2.0,7.6,0.0,88.4,577,1395,0,3,0,2
1780440504,2.3,6.8,0.0,88.6,578,1395,0,1,1,1
1780440505,3.1,7.8,0.0,87.2,578,1395,0,2,0,1
1780440506,2.8,8.4,0.0,87.7,579,1395,0,1,1,2
1780440507,3.9,8.3,0.0,86.1,573,1400,0,1,1,2
1780440508,3.9,7.5,0.0,86.7,576,1397,0,2,0,2
1780440509,3.1,7.8,0.0,86.7,576,1397,0,1,1,1
1780440510,3.3,8.1,0.0,86.4,576,1397,0,2,1,2
1780440511,3.3,8.0,0.0,86.1,583,1390,0,4,1,2
1780440512,2.8,8.3,0.0,86.7,592,1381,0,2,1,2
1780440513,3.1,8.7,0.0,86.6,604,1369,0,2,1,2
1780440514,3.0,8.7,0.0,85.5,615,1357,0,2,1,2
1780440515,3.0,9.0,0.3,85.3,627,1346,1,2,1,2
1780440516,2.5,8.5,0.0,86.3,638,1335,0,1,1,2
1780440517,3.9,7.5,0.0,87.0,642,1331,0,1,1,2
1780440518,2.7,8.8,0.0,86.3,645,1328,0,1,1,2
1780440519,2.7,8.5,0.0,86.3,647,1326,0,2,1,2
1780440520,3.3,7.9,0.0,86.1,648,1325,0,2,0,1
1780440521,3.0,9.4,0.0,85.0,648,1325,0,2,1,2
1780440522,3.6,9.3,0.0,84.6,650,1323,0,2,0,2
1780440523,4.4,8.8,0.0,84.9,651,1322,0,2,0,1
1780440525,2.5,6.5,0.0,87.5,651,1322,0,2,0,2
1780440526,4.7,8.2,0.0,85.2,651,1322,0,4,0,2
1780440527,4.1,8.5,0.0,84.9,651,1322,0,2,1,1
1780440528,3.1,11.4,0.0,83.6,651,1322,0,1,1,2
1780440529,3.1,5.4,0.0,89.2,652,1321,0,2,1,2
1780440530,2.8,8.0,0.3,87.3,650,1323,0,1,1,2
1780440531,4.0,8.1,0.0,85.4,653,1320,0,2,1,2
1780440532,2.8,9.1,0.0,86.5,654,1319,0,2,1,2
1780440533,3.1,9.2,0.0,85.3,657,1316,0,2,1,2
1780440534,3.1,7.6,0.0,87.1,657,1317,0,2,0,2
1780440535,2.8,8.5,0.0,86.8,657,1316,0,2,1,2
1780440536,3.0,9.1,0.0,85.4,659,1314,0,2,0,2
1780440537,3.6,10.3,0.0,84.4,668,1305,0,1,0,2
1780440538,3.3,8.9,0.0,86.1,664,1308,0,2,0,1
1780440539,3.4,7.3,0.0,86.6,661,1312,0,3,0,2
1780440540,2.7,9.3,0.3,86.3,663,1310,0,2,0,1
1780440541,3.6,7.7,0.0,86.5,665,1308,0,1,0,2
1780440542,2.2,7.8,0.0,87.5,664,1309,0,3,1,1
1780440543,2.5,9.6,0.0,86.5,665,1308,0,1,0,2
1780440545,2.8,8.9,0.0,86.1,667,1306,1,1,1,2
1780440546,4.3,10.9,0.0,82.6,667,1306,0,2,0,2
1780440547,5.1,8.2,0.0,85.1,668,1305,0,1,0,2
1780440548,3.0,12.7,0.0,82.0,657,1316,0,3,1,2
1780440549,4.1,9.7,0.0,84.5,657,1316,0,2,0,2
1780440550,3.9,8.1,0.0,85.8,657,1316,0,1,0,2
1780440551,3.1,8.1,0.0,86.6,658,1315,0,1,0,2
1780440552,3.3,8.8,0.0,86.6,658,1315,0,1,1,2
1780440553,2.4,9.5,0.0,85.4,658,1315,0,2,1,1
1780440554,3.5,10.0,0.0,85.2,660,1314,0,3,1,1
1780440555,2.0,7.8,0.3,87.4,660,1314,0,1,1,2
1780440556,2.5,8.7,0.0,86.8,660,1313,0,1,1,1
1780440557,4.4,7.5,0.0,85.6,661,1312,0,1,1,1
1780440558,2.5,11.7,0.0,84.4,666,1307,1,3,0,2
1780440559,3.3,9.9,0.0,85.1,667,1307,0,2,1,1
1780440560,3.1,8.4,0.0,86.6,667,1306,0,2,0,1
1780440561,3.1,8.2,0.0,86.7,667,1306,0,2,1,2
1780440562,4.2,7.8,0.0,85.8,667,1305,0,1,0,1
1780440563,3.8,8.0,0.0,85.2,668,1305,0,2,1,1
1780440565,2.2,7.9,0.0,86.6,669,1304,0,1,1,2
1780440566,2.2,7.2,0.0,87.6,669,1304,0,2,1,2
1780440567,1.9,9.3,0.0,85.6,671,1302,0,2,1,2
1780440568,3.3,8.3,0.0,86.5,673,1300,0,2,0,2
1780440569,2.0,11.0,0.0,85.1,671,1302,0,2,1,2
1780440570,4.4,8.6,0.3,84.7,671,1302,0,3,1,2
1780440571,3.6,9.1,0.0,85.1,671,1302,0,1,0,2
1780440572,3.3,8.3,0.0,85.8,661,1312,0,1,0,2
1780440573,2.5,8.4,0.0,87.1,661,1312,0,2,1,1
1780440574,3.6,8.9,0.0,85.3,661,1312,0,2,0,2
1780440575,1.3,3.5,0.0,94.1,662,1311,3,37,0,1
1780440576,0.0,0.5,0.0,99.0,663,1310,0,0,0,1
1780440577,0.5,0.8,0.0,98.7,663,1310,0,0,0,1
1780440578,0.3,3.1,0.0,96.4,674,1299,0,0,0,1
1780440579,0.3,0.5,0.0,99.0,674,1299,0,0,0,1
1780440580,0.3,0.3,0.0,99.5,674,1299,0,0,0,1
1780440581,0.3,0.5,0.0,99.0,674,1300,0,0,0,1
1780440582,0.0,0.5,0.0,99.2,674,1299,0,0,0,1
1780440583,0.0,0.5,0.0,99.5,674,1299,0,0,0,1
1780440584,0.3,0.0,0.0,99.7,675,1298,0,0,0,1
1780440586,0.0,0.0,0.0,100.0,675,1298,0,0,0,1
1780440587,0.3,0.3,0.0,99.5,675,1297,0,0,0,1
1780440588,0.0,0.0,0.0,100.0,676,1297,0,0,0,1
1780440589,0.5,2.4,0.0,96.9,667,1306,0,0,0,1
1780440590,0.3,2.9,0.0,95.8,667,1306,2,17,1,2
1780440591,4.2,9.3,0.0,83.9,663,1310,0,3,1,1
1780440592,3.9,11.0,0.0,83.1,664,1309,0,3,0,2
1780440593,4.3,8.8,0.3,84.9,666,1307,0,2,1,2
1780440594,3.4,10.1,0.0,83.7,666,1307,0,2,0,2
1780440595,4.5,10.4,0.0,83.4,666,1307,0,2,1,2
1780440596,5.2,10.3,0.0,82.2,666,1307,0,2,0,1
1780440597,5.0,9.7,0.0,82.0,667,1306,0,2,1,2
1780440598,3.7,11.0,0.0,83.1,667,1306,0,2,1,1
1780440599,5.6,9.9,0.0,82.5,662,1311,0,2,0,2
1780440600,4.3,11.1,0.0,82.9,665,1308,0,2,1,2
1780440601,3.7,10.9,0.0,82.8,665,1308,1,1,1,1
1780440602,5.8,10.5,0.0,82.4,666,1307,1,2,0,2
1780440603,3.9,9.9,0.0,84.0,667,1306,1,2,1,2
1780440604,3.6,9.7,0.0,83.9,669,1305,1,2,0,2
1780440606,4.1,10.5,0.0,82.7,669,1305,0,2,0,2
1780440607,4.2,9.2,0.0,83.3,670,1303,0,3,1,2
1780440608,5.3,11.4,0.0,81.9,670,1303,0,2,1,2
1780440609,4.8,9.5,0.3,82.9,671,1302,0,1,1,1
1780440610,4.5,9.2,0.0,84.1,667,1306,0,3,1,2
1780440611,3.9,9.3,0.0,84.5,668,1305,0,2,0,2
1780440612,2.9,8.6,0.0,86.8,669,1304,0,2,1,2
1780440613,2.8,9.1,0.0,85.8,669,1304,0,1,1,1
1780440614,5.6,9.6,0.0,82.5,668,1305,0,1,1,1
1780440615,6.1,13.1,0.0,77.9,668,1305,0,2,1,2
1780440616,4.6,9.5,0.0,83.1,670,1303,0,2,0,2
1780440617,6.6,10.8,0.0,79.8,676,1297,0,2,1,2
1780440618,4.0,10.6,0.0,82.9,690,1283,0,1,1,2
1780440619,5.3,12.5,0.0,80.1,712,1262,0,1,1,2
1780440620,6.2,12.2,0.0,79.5,723,1251,0,2,1,1
1780440621,4.8,13.7,0.0,79.4,736,1237,0,1,1,1
1780440622,5.5,10.1,0.0,82.2,738,1235,0,2,1,2
1780440624,5.6,9.4,0.3,81.5,741,1232,0,1,1,2
1780440625,4.5,9.9,0.0,82.4,742,1231,0,3,1,1
1780440626,4.8,10.9,0.0,80.7,744,1229,0,2,2,1
1780440627,5.1,10.5,0.0,81.9,744,1229,0,1,1,2
1780440628,4.5,9.9,0.0,83.5,745,1228,0,1,1,2
1780440629,4.9,9.5,0.0,82.8,746,1227,0,2,1,2
1780440630,5.3,9.8,0.0,82.9,747,1226,0,2,1,2
1780440631,5.0,9.6,0.0,82.8,747,1226,0,1,1,2
1780440632,4.8,9.7,0.0,82.1,748,1226,0,1,1,2
1780440633,5.2,11.3,0.0,81.2,746,1227,0,2,0,2
1780440634,4.1,9.7,0.0,83.0,748,1226,0,2,0,2
1780440635,4.9,7.8,0.0,85.5,746,1227,1,1,1,2
1780440636,5.9,8.5,0.0,83.9,746,1227,0,2,1,2
1780440637,3.7,10.0,0.0,84.3,748,1225,0,2,1,2
1780440638,5.2,9.2,0.0,82.9,748,1225,0,2,0,2
1780440639,5.6,10.3,0.0,81.0,749,1223,0,2,2,2
1780440640,5.6,13.2,0.3,78.2,747,1225,12,11,2,1
1780440642,5.1,11.1,0.0,81.8,750,1223,0,1,0,2
1780440643,5.1,11.8,0.0,80.9,749,1224,0,1,1,1
1780440644,4.1,11.3,0.0,82.0,749,1224,0,2,1,2
1780440645,5.1,10.8,0.0,80.9,747,1226,0,4,1,1
1780440646,4.9,10.8,0.3,82.3,749,1224,0,1,1,2
1780440647,5.1,11.1,0.0,81.5,750,1223,0,1,1,2
1780440648,7.0,11.0,0.0,79.4,751,1222,0,1,1,2
1780440649,5.1,11.2,0.0,82.0,751,1222,0,2,1,1
1780440650,3.9,12.8,0.0,81.1,747,1226,0,2,1,2
1780440651,3.6,9.5,0.3,83.2,751,1222,0,1,1,2
1780440652,4.5,9.0,0.0,83.7,751,1222,0,2,0,2
1780440653,3.5,9.5,0.0,85.0,753,1220,0,2,1,2
1780440654,3.9,10.1,0.0,83.4,753,1220,0,2,1,2
1780440655,5.1,9.3,0.0,82.8,755,1218,1,5,0,2
1780440656,4.8,9.6,0.0,83.7,752,1221,0,1,1,2
1780440657,3.7,9.9,0.0,84.1,751,1222,0,2,1,2
1780440658,2.7,11.7,0.0,82.9,753,1220,0,2,1,2
1780440660,3.5,10.3,0.0,82.4,756,1217,0,1,1,1
1780440661,3.6,11.3,0.3,82.4,763,1210,0,2,1,2
1780440662,4.8,9.5,0.0,83.2,763,1210,0,2,1,2
1780440663,4.5,9.0,0.0,84.0,764,1209,0,2,1,1
1780440664,5.9,9.8,0.0,82.4,766,1207,0,2,2,2
1780440665,3.7,10.2,0.0,84.1,768,1205,1,4,1,2
1780440666,3.7,10.2,0.0,83.8,768,1205,0,1,1,2
1780440667,4.0,8.4,0.0,86.2,768,1205,0,2,1,2
1780440668,5.6,8.1,0.0,84.3,769,1204,0,1,1,2
1780440669,4.1,10.3,0.0,82.6,760,1213,0,2,1,2
1780440670,3.8,11.5,0.0,82.5,763,1210,0,1,1,2
1780440671,3.3,10.4,0.3,82.7,763,1210,0,2,1,2
1780440672,4.1,10.4,0.0,83.1,764,1210,0,2,1,2
1780440673,3.7,9.9,0.0,83.4,764,1209,0,1,1,1
1780440674,4.2,10.7,0.0,82.5,764,1209,0,1,0,1
1780440675,3.6,11.1,0.0,82.5,765,1208,0,1,1,1
1780440676,4.2,9.0,0.0,83.9,765,1208,0,1,1,2
1780440677,4.6,8.3,0.0,84.6,766,1207,0,1,1,2
1780440678,3.7,9.0,0.0,85.1,766,1207,0,2,1,2
1780440680,4.2,8.6,0.0,85.3,767,1206,2,39,0,1
1780440681,0.0,0.8,0.0,99.0,767,1206,0,0,0,1
1780440682,0.0,0.3,0.0,99.2,767,1206,0,0,0,1
1780440683,0.3,0.0,0.0,99.7,768,1205,0,0,0,1
1780440684,0.0,0.8,0.0,99.2,768,1205,0,0,0,1
1780440685,0.0,0.3,0.0,99.5,769,1205,0,0,0,1
1780440686,0.3,0.3,0.0,99.5,769,1205,0,0,0,1
1780440687,0.3,0.5,0.0,99.0,769,1204,0,0,0,1
1780440688,0.0,0.8,0.0,99.2,769,1204,0,0,0,1
1780440689,0.5,0.5,0.0,98.9,770,1203,0,0,0,1
1780440690,0.0,0.5,0.0,99.2,770,1203,0,0,0,1
1780440691,0.3,0.8,0.0,99.0,774,1199,0,0,0,1
1780440692,0.3,0.8,0.0,99.0,774,1199,0,0,0,1
1780440693,0.0,0.3,0.0,99.7,774,1199,0,0,0,1
1780440694,0.3,1.0,0.0,98.7,774,1199,0,0,0,1
1780440695,3.1,9.6,0.0,86.0,774,1199,3,16,1,2
1780440696,6.6,10.6,0.0,80.0,775,1198,0,3,1,2
1780440697,6.0,11.4,0.0,79.8,775,1198,0,2,1,2
1780440698,4.1,10.9,0.0,82.6,775,1198,0,3,1,2
1780440699,6.2,11.6,0.0,80.2,775,1198,0,2,1,2
1780440701,4.7,11.7,0.0,82.5,771,1202,0,3,1,2
1780440702,5.2,11.9,0.0,80.3,776,1197,0,1,1,2
1780440703,4.9,11.1,0.0,80.9,778,1195,0,2,1,2
1780440704,4.5,12.7,0.3,79.7,779,1195,0,2,1,2
1780440705,6.5,10.7,0.0,79.9,779,1194,0,1,1,2
1780440706,4.6,12.0,0.0,81.4,780,1193,0,2,1,2
1780440707,6.3,10.7,0.0,80.2,781,1192,0,2,1,2
1780440708,5.8,10.5,0.0,80.4,781,1192,0,2,1,2
1780440709,4.5,11.2,0.0,81.5,783,1190,0,2,1,1
1780440710,5.2,11.6,0.0,80.2,783,1190,0,1,1,2
1780440711,4.3,9.7,0.0,82.7,783,1190,0,3,1,2
1780440712,5.6,14.7,0.0,77.2,774,1199,0,2,1,2
1780440713,5.3,11.2,0.0,80.4,775,1198,0,3,1,1
1780440714,5.7,9.7,0.3,81.0,775,1198,0,2,1,1
1780440715,4.6,10.0,0.0,82.6,777,1196,0,2,1,1
1780440716,5.4,13.3,0.0,78.0,778,1196,0,3,0,2
1780440717,4.5,10.9,0.0,81.3,778,1195,0,2,2,2
1780440718,3.3,12.1,0.0,81.6,779,1194,0,4,1,2
1780440719,4.1,12.0,0.0,80.9,780,1193,1,3,1,2
1780440721,5.2,12.1,0.0,80.8,781,1193,0,3,2,2
1780440722,3.9,12.8,0.0,80.4,800,1173,0,2,1,2
1780440723,4.2,12.3,0.0,80.5,811,1162,1,6,1,2
1780440724,3.7,10.5,0.3,82.3,823,1150,0,2,1,1
1780440725,3.7,12.2,0.0,80.7,841,1132,1,2,1,2
1780440726,5.1,9.7,0.0,82.3,860,1113,0,2,0,2
1780440727,4.2,12.8,0.0,79.9,873,1100,0,2,1,2
1780440728,4.6,11.3,0.0,82.3,875,1098,0,2,0,2
1780440729,5.2,10.5,0.0,81.0,878,1096,0,2,1,2
1780440730,4.5,11.0,0.0,82.5,879,1094,0,2,1,2
1780440731,5.8,11.4,0.0,80.8,881,1092,0,1,1,2
1780440732,3.9,16.0,0.0,77.4,879,1095,0,1,1,2
1780440733,4.0,11.9,0.0,81.9,881,1092,0,2,0,1
1780440734,4.3,11.2,0.3,81.9,885,1089,0,2,1,2
1780440735,5.7,9.8,0.0,81.6,887,1087,0,2,1,2
1780440736,6.2,10.7,0.0,80.2,889,1084,0,2,1,2
1780440737,4.9,9.9,0.0,82.8,889,1084,0,1,1,2
1780440738,4.9,10.4,0.0,82.7,889,1084,0,1,2,2
1780440739,5.2,11.0,0.0,80.7,889,1084,0,1,1,2
1780440741,3.8,14.3,0.0,79.4,889,1084,0,2,1,2
1780440742,5.5,12.1,0.0,79.9,889,1084,0,2,1,2
1780440743,5.6,11.5,0.0,80.2,888,1085,0,2,1,2
1780440744,5.2,11.6,0.3,80.1,889,1084,0,2,1,1
1780440745,4.8,10.1,0.0,81.7,890,1084,0,3,0,2
1780440746,5.1,12.6,0.0,79.5,885,1088,1,2,1,2
1780440747,4.6,11.0,0.0,81.8,888,1085,0,2,1,2
1780440748,6.5,11.3,0.0,80.0,890,1082,0,2,1,2
1780440749,6.0,12.3,0.0,80.1,891,1082,0,2,1,2
1780440750,6.8,14.0,0.0,75.8,892,1081,0,2,1,2
1780440751,5.5,13.2,0.0,79.5,892,1081,0,2,1,2
1780440752,4.7,10.6,0.0,81.4,895,1078,0,3,1,2
1780440753,5.6,11.2,0.0,80.9,900,1073,0,2,1,2
1780440754,4.2,11.8,0.0,81.5,900,1073,0,2,1,2
1780440755,5.6,11.7,0.0,80.5,900,1074,1,2,1,2
1780440756,4.8,11.4,0.0,81.0,898,1075,0,2,0,2
1780440757,4.6,10.1,0.0,82.0,898,1075,0,2,1,2
1780440758,4.3,11.0,0.3,82.1,897,1076,0,2,1,2
1780440760,5.2,10.1,0.0,81.6,898,1075,0,2,1,2
1780440761,4.3,9.8,0.0,82.5,898,1075,0,2,1,2
1780440762,4.7,12.5,0.0,80.3,896,1077,0,2,1,2
1780440763,4.1,14.8,0.0,77.5,893,1080,0,2,1,2
1780440764,6.1,11.9,0.0,79.8,895,1078,0,2,0,1
1780440765,4.2,11.4,0.0,81.1,895,1078,0,2,1,2
1780440766,5.4,10.5,0.0,81.1,896,1077,0,4,1,2
1780440767,4.9,13.9,0.0,78.7,897,1076,0,1,1,2
1780440768,4.7,11.0,0.0,82.0,899,1074,0,1,1,2
1780440769,5.7,10.0,0.3,80.8,902,1071,0,2,1,2
1780440770,5.1,11.3,0.0,80.2,902,1071,0,2,1,2
1780440771,4.5,12.7,0.0,79.7,903,1071,0,2,0,2
1780440772,5.6,10.6,0.0,80.8,905,1068,0,2,1,2
1780440773,4.6,15.0,0.0,77.1,901,1072,0,2,2,1
1780440774,3.9,11.8,0.0,81.7,903,1070,0,2,1,2
1780440775,4.4,12.9,0.0,79.2,903,1070,0,2,1,2
1780440776,4.6,12.0,0.0,79.1,904,1070,0,2,1,2
1780440777,4.5,11.9,0.0,81.1,903,1070,0,2,0,1
1780440778,5.2,10.7,0.0,81.8,905,1068,0,2,1,2
1780440780,3.8,12.2,0.0,81.4,905,1068,0,2,1,2
1780440781,5.1,10.9,0.0,81.4,906,1068,0,3,2,2
1780440782,4.9,12.0,0.0,80.0,906,1067,0,2,2,1
1780440783,6.0,11.2,0.0,80.6,906,1067,0,2,2,2
1780440784,4.5,12.1,0.3,80.9,910,1062,0,2,1,1
1780440785,3.3,7.7,0.0,87.0,911,1062,3,38,0,1
1780440786,0.3,0.8,0.0,98.7,912,1062,0,0,0,1
1780440787,0.3,0.5,0.0,99.2,912,1061,0,0,0,1
1780440788,0.3,0.8,0.0,99.0,912,1061,0,0,0,1
1780440789,0.0,0.8,0.0,98.9,912,1061,0,0,0,1
1780440790,0.0,1.1,0.0,98.9,913,1060,0,0,0,1
1780440791,0.3,0.5,0.0,99.2,914,1060,0,0,0,1
1780440792,0.0,0.8,0.0,99.0,914,1059,0,0,0,1
1780440793,0.0,0.5,0.0,99.5,914,1059,0,0,0,1
1780440794,0.0,0.3,0.0,99.7,914,1059,0,0,0,1
1780440795,0.3,0.5,0.0,99.0,914,1059,0,0,0,1
1780440796,0.3,0.3,0.3,99.2,914,1059,0,0,0,1
1780440797,0.5,0.0,0.0,99.5,914,1059,0,0,0,1
1780440798,0.3,0.5,0.0,99.0,915,1058,0,0,0,1
1780440799,0.3,0.5,0.0,99.2,913,1060,0,0,0,1
1780440800,8.1,11.3,0.0,78.6,906,1067,1,16,1,2
1780440802,5.2,14.9,0.0,77.6,907,1066,0,6,0,2
1780440803,6.8,14.0,0.0,76.6,909,1064,0,2,1,2
1780440804,7.2,12.2,0.0,78.3,909,1064,0,3,1,2
1780440805,6.1,13.6,0.0,78.6,909,1064,0,2,2,2
1780440806,5.6,12.9,0.0,79.4,909,1064,0,1,1,2
1780440807,6.1,12.1,0.0,78.1,910,1063,0,2,0,1
1780440808,5.2,13.5,0.0,78.4,905,1068,0,2,1,2
1780440809,6.3,12.7,0.0,79.0,906,1067,0,3,1,2
1780440810,5.9,11.5,0.0,80.0,906,1067,0,2,2,2
1780440811,7.2,12.6,0.0,77.0,906,1067,0,2,0,2
1780440812,5.0,12.4,0.0,79.6,906,1067,0,2,1,2
1780440813,5.4,14.8,0.0,77.3,899,1074,0,2,0,2
1780440814,5.8,13.0,0.0,78.6,899,1074,0,2,1,2
1780440815,5.7,13.2,0.0,78.4,900,1073,1,2,1,2
1780440816,5.7,13.2,0.0,78.2,900,1073,0,2,1,2
1780440817,5.8,15.2,0.3,75.5,900,1074,0,1,2,2
1780440818,5.2,12.5,0.0,78.0,900,1074,0,2,1,2
1780440819,6.1,11.5,0.0,79.9,901,1072,0,3,2,2
1780440821,6.5,11.3,0.0,79.6,903,1070,0,2,1,2
1780440822,4.7,12.7,0.0,78.7,904,1070,0,3,2,2
1780440823,5.5,12.5,0.0,78.4,904,1069,0,2,1,2
1780440824,4.4,13.8,0.0,78.5,904,1069,0,4,2,2
1780440825,5.6,12.4,0.0,77.7,905,1068,0,2,1,2
1780440826,5.7,12.5,0.0,78.9,906,1067,0,1,1,2
1780440827,5.4,13.6,0.3,77.3,912,1061,0,2,1,1
1780440828,5.8,11.9,0.0,80.3,935,1038,0,2,1,2
1780440829,4.6,13.0,0.0,80.1,959,1014,0,2,2,2
1780440830,7.0,14.6,0.0,75.6,983,990,0,2,2,2
1780440831,5.1,15.5,0.0,76.3,1007,966,0,2,2,2
1780440832,4.6,14.0,0.0,78.3,1018,955,1,4,1,2
1780440833,6.2,13.2,0.0,77.6,1022,951,0,3,2,2
1780440834,5.6,13.1,0.0,78.3,1021,952,0,2,3,2
1780440835,6.4,11.0,0.0,79.8,1023,950,0,2,1,2
1780440836,5.9,13.9,0.0,77.1,1025,948,0,3,2,2
1780440837,4.5,12.0,0.0,80.5,1026,947,0,2,2,1
1780440839,6.4,13.0,0.0,78.3,1028,945,0,3,2,2
1780440840,5.0,14.1,0.0,78.1,1030,944,0,2,1,2
1780440841,5.9,12.6,0.0,78.5,1031,943,0,2,3,2
1780440842,5.9,11.8,0.3,78.6,1033,940,0,1,2,2
1780440843,5.7,11.6,0.0,78.5,1036,937,0,4,1,2
1780440844,5.8,13.6,0.0,77.6,1038,935,0,2,1,2
1780440845,6.7,16.2,0.0,73.7,1039,933,1,2,0,2
1780440846,7.9,14.7,0.0,74.5,1042,931,0,4,1,2
1780440847,6.9,13.1,0.0,76.9,1041,932,0,1,1,2
1780440848,6.8,12.5,0.0,77.5,1042,932,0,1,1,2
1780440849,5.5,14.2,0.0,78.6,1042,931,0,2,2,2
1780440850,4.5,15.5,0.0,77.7,1044,930,0,2,2,2
1780440851,5.3,13.5,0.0,78.9,1038,935,0,3,1,2
1780440852,5.3,14.4,0.0,77.8,1042,931,0,3,1,2
1780440853,5.7,13.3,0.0,78.2,1045,929,0,4,1,2
1780440855,5.4,13.3,0.0,79.4,1042,931,0,2,2,2
1780440856,5.6,12.7,0.0,79.1,1044,929,0,2,3,1
1780440857,6.1,13.8,0.3,77.1,1044,929,0,2,2,2
1780440858,5.8,13.6,0.0,78.3,1047,927,1,3,1,2
1780440859,6.6,12.6,0.0,77.9,1047,926,0,2,2,1
1780440860,7.0,11.7,0.0,78.6,1048,926,0,4,0,2
1780440861,4.7,14.3,0.0,78.7,1050,923,0,1,2,2
1780440862,5.5,13.3,0.0,77.6,1050,923,0,1,2,2
1780440863,7.7,13.4,0.0,76.4,1051,923,0,2,2,2
1780440864,5.7,13.0,0.0,78.5,1050,923,0,1,0,2
1780440865,5.1,14.1,0.0,78.6,1050,923,0,2,2,2
1780440866,6.9,12.4,0.0,76.6,1051,922,0,2,1,1
1780440867,6.3,14.3,0.0,75.8,1052,921,0,1,0,2
1780440868,5.9,15.1,0.0,76.8,1052,921,0,2,2,2
1780440869,5.8,12.2,0.0,79.1,1052,921,0,2,1,2
1780440870,5.0,12.8,0.0,79.3,1054,919,0,1,1,2
1780440871,5.4,13.6,0.0,77.8,1054,919,0,2,2,2
1780440872,5.0,12.5,0.0,79.9,1055,919,0,1,1,2
1780440874,5.6,13.2,0.0,79.0,1055,919,0,2,0,2
1780440875,6.2,14.0,0.0,77.3,1055,919,1,2,2,2
1780440876,6.9,12.2,0.0,77.2,1050,923,0,2,0,2
1780440877,6.4,14.2,0.3,76.7,1052,921,0,2,2,2
1780440878,6.4,12.8,0.0,78.1,1053,920,0,2,3,2
1780440879,6.2,13.0,0.0,78.2,1053,920,0,2,1,2
1780440880,5.5,12.4,0.0,78.7,1051,922,0,2,1,2
1780440881,6.6,13.7,0.0,76.9,1054,919,0,3,0,2
1780440882,6.0,13.8,0.0,77.9,1055,918,0,2,1,2
1780440883,6.1,12.7,0.0,78.4,1055,918,0,2,2,2
1780440884,6.4,13.1,0.0,77.1,1055,918,0,2,2,1
1780440885,7.1,13.7,0.0,75.7,1055,918,0,2,1,2
1780440886,5.3,13.4,0.0,77.7,1055,918,0,2,0,2
1780440887,6.2,12.5,0.0,78.8,1056,917,0,1,1,2
1780440888,4.8,12.5,0.0,79.8,1054,919,0,2,1,2
1780440889,5.2,14.6,0.0,77.1,1055,918,0,2,1,2
1780440890,1.1,2.4,0.0,95.7,1055,918,1,36,0,1
1780440891,0.5,0.8,0.0,98.7,1056,917,0,0,0,1
1780440893,0.3,0.8,0.0,98.7,1056,917,0,0,0,1
1780440894,0.0,0.5,0.0,99.2,1056,917,0,0,0,1
1780440895,0.5,0.3,0.0,99.2,1057,916,0,0,0,1
1780440896,0.5,0.3,0.0,99.2,1057,916,0,0,0,1
1780440897,0.3,0.8,0.0,98.9,1057,916,0,0,0,1
1780440898,0.5,0.0,0.3,98.9,1058,915,0,0,0,1
1780440899,0.3,0.5,0.0,98.7,1058,915,0,0,0,1
1780440900,0.5,0.0,0.0,99.2,1059,914,0,0,0,1
1780440901,0.0,0.3,0.0,99.7,1059,914,0,0,0,1
1780440902,0.3,0.5,0.0,99.0,1059,914,0,0,0,1
1780440903,0.3,0.5,0.0,98.9,1059,914,0,0,0,1
1780440904,0.0,0.3,0.3,99.5,1059,914,0,0,0,1
1780440905,4.9,9.9,0.0,83.3,1061,912,3,16,1,1
1780440906,8.7,16.0,0.0,71.4,1070,903,0,3,1,2
1780440907,8.6,15.1,0.0,73.6,1070,903,0,2,1,2
1780440908,8.8,16.5,0.0,72.3,1070,903,0,1,2,2
1780440909,7.8,14.9,0.0,73.7,1070,903,0,1,2,2
1780440910,8.2,16.6,0.0,72.9,1070,903,0,2,1,2
1780440911,8.3,16.0,0.0,74.0,1070,903,0,2,1,2
1780440913,7.1,15.1,0.0,74.8,1070,903,0,1,2,2
1780440914,7.7,14.3,0.0,74.7,1063,911,0,1,1,2
1780440915,7.5,15.6,0.0,74.3,1063,911,0,5,1,2
1780440916,7.2,16.1,0.0,73.9,1062,911,0,2,1,2
1780440917,7.1,16.8,0.0,73.2,1063,910,0,2,1,2
1780440918,7.9,16.6,0.0,72.1,1060,914,0,4,2,2
1780440919,5.7,17.4,0.0,73.2,1060,914,0,2,1,2
1780440920,7.9,15.3,0.0,73.9,1061,912,0,2,1,2
1780440921,6.7,14.9,0.0,76.0,1061,912,0,2,1,2
1780440922,9.9,14.3,0.0,72.7,1061,912,0,2,1,2
1780440923,6.6,14.9,0.0,75.4,1061,912,0,2,3,2
1780440924,6.6,15.2,0.0,75.9,1063,910,0,2,3,2
1780440925,6.9,13.5,0.0,76.5,1054,919,0,3,2,2
1780440926,6.2,13.5,0.0,76.5,1055,919,0,2,1,2
1780440927,6.7,15.7,0.0,74.4,1056,918,0,2,2,2
1780440928,4.9,15.7,0.0,75.7,1057,916,0,2,2,2
1780440929,5.0,15.5,0.0,76.0,1059,914,0,2,0,2
1780440930,6.6,15.2,0.0,74.7,1060,913,0,2,2,2
1780440932,6.7,15.2,0.0,75.6,1065,908,0,2,2,2
1780440933,7.6,18.5,0.0,70.8,1091,882,0,2,1,2
1780440934,6.4,19.7,0.0,71.7,1121,852,0,2,1,2
1780440935,5.2,19.4,0.3,72.0,1151,822,13,16,1,2
1780440936,6.7,20.9,0.0,69.9,1182,791,0,2,1,1
1780440937,5.5,19.2,0.0,72.1,1206,767,0,2,2,2
1780440938,7.1,15.6,0.0,74.3,1211,763,0,1,1,2
1780440939,7.7,14.2,0.0,75.7,1213,760,0,1,1,2
1780440940,7.6,14.0,0.0,76.3,1214,759,0,2,1,2
1780440941,7.5,14.5,0.0,74.6,1213,760,0,2,2,2
1780440942,8.0,14.9,0.0,75.3,1214,759,0,1,2,2
1780440943,5.3,14.6,0.0,76.9,1216,757,0,2,1,2
1780440944,6.8,15.4,0.0,74.6,1218,755,0,1,2,2
1780440945,7.4,14.2,0.0,74.7,1221,753,0,1,2,2
1780440946,6.6,16.8,0.0,72.9,1222,751,0,1,1,2
1780440948,6.1,14.5,0.0,77.0,1224,749,0,1,2,2
1780440949,6.1,15.7,0.0,75.5,1225,748,0,2,1,2
1780440950,7.6,16.0,0.3,73.6,1229,745,0,2,2,2
1780440951,5.8,16.4,0.0,74.3,1229,744,0,2,1,2
1780440952,8.4,15.0,0.0,73.7,1231,742,0,4,2,2
1780440953,7.6,16.0,0.0,74.1,1231,742,0,1,3,2
1780440954,7.4,13.5,0.0,75.4,1231,742,0,2,1,2
1780440955,6.2,15.2,0.0,75.0,1231,742,0,2,2,2
1780440956,4.5,17.2,0.0,74.6,1233,740,0,2,1,2
1780440957,6.2,19.0,0.0,71.7,1231,742,0,1,1,2
1780440958,6.3,16.7,0.0,75.0,1232,741,0,3,2,2
1780440959,7.4,15.0,0.0,74.8,1233,740,0,2,1,2
1780440960,7.1,15.3,0.3,73.7,1234,740,0,2,2,2
1780440961,7.0,16.6,0.0,74.4,1235,738,0,2,1,2
1780440962,8.0,13.7,0.0,74.4,1236,737,0,2,3,2
1780440963,7.6,12.8,0.0,77.1,1238,736,0,1,2,2
1780440964,7.3,13.9,0.0,75.8,1231,742,1,2,2,2
1780440966,7.1,14.5,0.0,76.1,1231,742,0,1,2,2
1780440967,7.9,14.9,0.0,74.7,1233,740,0,1,1,2
1780440968,6.4,18.7,0.0,71.6,1244,729,2,2,1,2
1780440969,5.7,17.7,0.0,75.1,1245,728,0,1,2,2
1780440970,6.4,14.2,0.0,76.5,1246,727,0,2,2,2
1780440971,7.1,14.2,0.0,75.0,1243,730,0,2,1,2
1780440972,8.0,14.5,0.0,74.4,1246,728,0,2,3,1
1780440973,7.0,14.2,0.0,75.3,1248,725,0,4,2,2
1780440974,6.8,14.5,0.0,75.5,1246,728,0,2,1,1
1780440975,7.3,15.1,0.0,73.7,1245,728,0,1,1,2
1780440976,7.2,16.4,0.0,74.4,1246,727,0,2,1,2
1780440977,7.8,13.1,0.0,74.6,1248,725,19,21,1,2
1780440978,7.3,17.8,0.0,71.3,1245,728,25,27,2,2
1780440979,9.4,16.0,0.0,70.1,1247,726,16,17,1,2
1780440980,9.8,16.1,0.3,71.5,1248,725,0,2,1,1
1780440981,8.5,16.7,0.0,70.8,1248,725,0,3,3,2
1780440982,7.5,15.5,0.0,73.6,1248,725,0,3,2,2
1780440983,10.1,19.3,0.0,68.5,1248,725,0,1,2,2
1780440985,8.4,18.8,0.0,69.6,1248,725,0,1,1,2
1780440986,9.4,18.2,0.0,69.8,1250,723,0,1,0,2
1780440987,10.1,17.0,0.0,68.8,1250,723,1,3,2,2
1780440988,7.7,21.1,0.0,68.8,1244,729,0,1,2,2
1780440989,9.1,15.5,0.0,71.3,1244,729,0,2,1,2
1780440990,10.2,18.7,0.0,68.2,1247,726,0,2,2,2
1780440991,7.7,16.3,0.0,72.6,1247,726,0,4,3,1
1780440992,6.1,17.8,0.0,72.5,1248,725,0,1,2,2
1780440993,8.8,14.2,0.0,74.1,1248,725,0,2,1,2
1780440994,7.1,16.0,0.0,74.4,1248,725,0,2,2,2
1780440995,2.7,7.0,0.0,89.2,1252,721,3,37,0,1
1780440996,0.3,1.0,0.0,98.5,1252,721,0,0,0,1
1780440997,0.5,1.3,0.0,97.9,1252,720,0,0,0,1
1780440998,0.3,1.1,0.0,98.1,1253,720,0,0,0,1
1780440999,0.3,1.3,0.0,98.4,1253,720,0,0,0,1
1780441001,1.0,1.0,0.3,97.1,1253,720,0,0,0,1
1780441002,0.3,1.0,0.0,98.2,1253,720,0,0,0,1
1780441003,0.5,1.6,0.0,97.9,1253,720,0,0,0,1
1780441004,0.3,1.3,0.0,98.2,1253,720,0,0,0,1
1780441005,0.5,0.5,0.0,98.7,1254,720,0,0,0,1
1780441006,0.3,1.1,0.0,98.7,1254,720,0,0,0,1
1780441007,0.8,1.0,0.0,97.9,1254,719,0,0,0,1
1780441008,0.8,1.0,0.0,97.9,1254,719,0,0,0,1
1780441009,0.0,2.9,0.0,96.9,1259,714,0,0,0,1
